,pretained,Nh,Np,pr_unhosted,pr_unparasitized,pprh_m,pprh_v,pntcorr,dsccorr,unocc_h,unocc_p,Nh_m,Np_m,Nh_stdv,Np_stdv,Nh_cv,Np_cv,Ncorr,rh_m,rp_m,rh_stdv,rp_stdv,rh_rp,Dzh_m,Dzp_m,Dzh_stdv,Dzp_stdv,Dzh_Dzp,DBzh_m,DBzp_m,DBzh_stdv,DBzp_stdv,DBzh_DBzp,Nh_DBzp
0,0.495,975,1005,0.0,0.7774358974358975,1.0,1.0505252626313157,,,0.005102040816326481,0.05102040816326525,4.974489795918367,5.127551020408164,2.2290304308003073,3.0832976223765356,0.44809227121729256,0.6013197353092546,0.5847218122650766,0.06568953339239604,0.07473054739699407,0.005217033663823322,0.004511390519805583,-0.14552370426769667,0.0,0.0,0.0,0.0,,0.0,0.0,0.0,0.0,,0.22659739664187262
0,0.6403382140647557,1361,1744,0.0,0.5569434239529758,1.1546666666666667,1.2584152956869719,-0.01632449282626038,-0.16785657147795618,0.010204081632653073,0.015306122448979553,6.9438775510204085,8.89795918367347,3.0402282750504996,4.604323043130767,0.43782861271851425,0.5174583236546045,0.6154191907764635,0.053166819078770626,0.04423132451882036,0.009189060015475441,0.011692350872830524,0.2620778189283703,-0.0006206191940759768,0.0023179615863404093,0.00975167264661704,0.01861566146795584,0.11622427569822083,0.0,0.00022984504198821676,0.0,0.00938197219198095,,0.1567626880873489
0,0.6814090019569472,1457,2025,0.0,0.4200411805078929,1.349425287356322,1.5356194947604394,0.006056376006176346,-0.06811481354999695,0.0,0.0,7.433673469387755,10.331632653061224,3.1753358434143633,5.3767991038187155,0.4271556796906075,0.520421049060972,0.6138930162622039,0.051388509608853786,0.03513083916697665,0.009767700613305516,0.012397353708809292,0.22477140358513753,6.091471508195357e-05,0.00045764185146468457,0.018941861311352563,0.03189883448244712,-0.09735321212105381,0.0,0.0013320674440099592,0.0,0.014469363050864081,,0.1411416815372481
0,0.6837121212121212,1587,2384,0.0,0.332703213610586,1.5365107127240927,1.6897206279473047,-0.00018395076522375212,-0.03004630295904808,0.0,0.0,8.096938775510203,12.16326530612245,3.1809998132060544,5.565818533671802,0.39286450118990973,0.4575924633387891,0.6673227678794825,0.04670738915296079,0.023869801953099606,0.010063128795782675,0.012178879429084953,0.3345407706495829,-0.0014719378217869189,0.000677212552100664,0.023199851697528154,0.034214649595184866,-0.008291189271897925,0.0,0.0011005208226175212,0.0,0.01416905122598571,,-0.004306605210093728
0,0.6974817221770918,1817,2476,0.0,0.36818932305998897,1.3772709702357944,1.467820391743954,0.015162752588897292,0.1092159540559011,0.0,0.0,9.270408163265307,12.63265306122449,3.5595075771127056,5.112855101031559,0.3839644937336765,0.4047332794031444,0.6668265341734366,0.03925164402394864,0.021371047191777518,0.012693415772818023,0.013023513988341487,0.6828231609204652,0.0004343855458827639,-0.00011968969591530036,0.02357554154082617,0.03739390394217292,0.08297912684647564,0.0,-0.0015102571893611011,0.0,0.01415246784245292,,-0.020133125398642527
0,0.6932835820895522,2008,2637,0.0,0.40836653386454186,1.3223455933379598,1.4854359402252815,-0.007369377001543767,-0.0551972826440028,0.0,0.0,10.244897959183673,13.454081632653061,4.2124631310623855,5.588718826943727,0.4111766801236193,0.41539207056540406,0.6084426979034383,0.03345992285947145,0.015466703906214312,0.01766667384963429,0.01414998246431148,0.5173691886705188,-0.0011692504317186612,-0.0018047364140240138,0.028607390358652354,0.0490254574363643,-0.06512974915385127,0.0,-8.052328674454212e-05,0.0,0.013339888579521784,,0.15736837712367915
0,0.7016272189349112,2142,2601,0.0,0.4407096171802054,1.2069866144302972,1.2432300739553206,-0.022604235271534302,-0.08390613360386952,0.0,0.0,10.928571428571429,13.270408163265307,4.054121043567574,5.277270257529923,0.37096532424801326,0.3976720378607708,0.6480844643134611,0.029550425292827146,0.01725258889167982,0.015277819563634913,0.015100139970718681,0.591172034043864,-0.00016019661946702424,-0.0037187199027083413,0.03134497378048819,0.037329434227205166,-0.024282913127246942,0.0,-0.0013269612725221498,0.0,0.012220320530666394,,0.12543671687266228
0,0.6910934105720492,2247,2525,0.0,0.4984423676012461,1.099756690997567,1.1619348358237902,0.012032784576399095,0.09500352604194831,0.0,0.0,11.464285714285714,12.88265306122449,3.963131370067141,4.954304536258403,0.34569370206193134,0.38457175806203836,0.6270154428674558,0.025724605227153967,0.018690175564825978,0.012594248286820446,0.013666817910425675,0.4714009294296149,-0.00015502094373820248,0.0037567830013010843,0.028563099320720656,0.059305829162768095,-0.008607054654604191,0.0,0.002284111246180374,0.0,0.013151559330341813,,0.1551945581091203
0,0.6927414690572585,2352,2439,0.0,0.5255102040816326,1.0299383621954799,1.0666313232695424,-0.036884299067745596,-0.11537232507244496,0.0,0.0,12.0,12.443877551020408,4.249886876322528,5.021177026718666,0.354157239693544,0.4035058209253213,0.6180924655121213,0.023015657249439415,0.022313598360517172,0.015388257900020557,0.011787465595826389,0.38647488661058893,0.0004866757260499219,0.009378543853821761,0.03536693122603685,0.05349381845956069,-0.01847707215873986,0.0,0.0023934585515882996,0.0,0.014105905562890804,,0.15156567327333303
0,0.6837560712358338,2420,2648,0.0,0.5371900826446281,1.0666666666666667,1.1760788690476194,-0.00609442938173415,0.03119839991479033,0.0,0.0,12.346938775510203,13.510204081632653,3.968083024401081,5.3373284356438075,0.32138193090190575,0.3950590533935749,0.6124379658820351,0.020787068847580744,0.016176967939682808,0.015035089726736641,0.013148122267605557,0.48116779517285124,-0.0004311504207095704,-0.0033911606440131395,0.03321755887851895,0.04883152668568819,0.04696798981579422,0.0,0.0007736658290375722,0.0,0.013917753968627435,,0.07517946075851073
0,0.6839435074729192,2385,2603,0.0,0.5249475890985325,1.0520540236353404,1.0699043078039578,0.0027420155587139245,-0.06041037092041298,0.0,0.0,12.168367346938776,13.28061224489796,3.7206588040505784,5.452624080827841,0.30576483253413556,0.410570234284386,0.600535739156279,0.021696274686548566,0.015746337831415314,0.011656554203843723,0.015595816189212162,0.4206565907929815,-0.0005215351486703746,0.006454602986474246,0.0336604285342951,0.06175907650207621,-0.06384301339724487,0.0,0.002001232782008875,0.0,0.01501177604524645,,-0.16527550592413073
0,0.6982556625878678,2519,2845,0.0,0.5077411671298134,1.095796943231441,1.1693626188713522,-0.02304856472157528,-0.16325119151083428,0.0,0.0,12.857142857142858,14.51530612244898,4.559577128390701,5.8943493504188265,0.35463377665261003,0.4060781977792935,0.7263110213131967,0.017859457935077802,0.009915605328412215,0.017090963398352137,0.016235870834162648,0.7310675110198145,-0.0026463184416446067,0.0024717083992669563,0.03973931925155261,0.0565656918022934,-0.13935841027418866,0.0,0.0011151103219948619,0.0,0.015219068913817394,,-0.06048605715524825
0,0.68496678866748,2380,2673,0.0,0.5046218487394958,1.1077142857142857,1.1627298411791123,0.03593555514643753,0.03891170538930029,0.0,0.0,12.142857142857142,13.637755102040817,4.398134802798766,5.6529005997805655,0.36219933670107485,0.41450374768312415,0.666471623476798,0.02196605278834955,0.014588470752199904,0.015911120444904447,0.013890553063668255,0.656536296137736,-0.0006277084163708925,-0.0012864741559910915,0.0425875099658034,0.0694689286679394,-0.07991004611251892,0.0,-0.000807790203765319,0.0,0.016458894514557808,,0.007417182601630859
0,0.6908571428571428,2352,2484,0.0,0.5233843537414966,1.0322299651567943,1.0797044652534404,-0.027967452878530877,-0.17226553331479014,0.0,0.0,12.0,12.673469387755102,4.398134802798766,5.032765483751721,0.36651123356656384,0.39711031997396834,0.5634478541163672,0.023077979920047946,0.020843097512161343,0.018213888102379665,0.01491120377815615,0.5821009729342032,0.0038059691164424826,-0.009667658405326811,0.037968964047447235,0.07268771155657479,0.00943211699943041,0.0,-0.000516955958216031,0.0,0.016931991362934842,,0.007596641906909149
0,0.6922317778091076,2374,2536,0.0,0.5151642796967144,1.0595238095238095,1.0905598661189715,0.022668944855799338,0.02529790848235138,0.0,0.005102040816326481,12.112244897959183,12.938775510204081,3.893143619529278,5.437413273636671,0.3214221353950036,0.42024171988674586,0.6781555910455648,0.022090205126434552,0.01836421583367462,0.015395756345154112,0.015543689218103545,0.7037537093145056,0.001525182613790214,0.0019306786587372294,0.05175353286085247,0.07285595366583356,-0.16792971384066965,0.0,0.00040477992123579346,0.0,0.016554412874647803,,0.05280537382412856
0,0.6982805676855895,2543,2574,0.0,0.5292961069602832,1.0115289596486412,1.0273244875603398,-0.02307255594668679,-0.04566029161835102,0.0,0.0,12.974489795918368,13.13265306122449,4.095571372417042,4.946146399695561,0.31566338536914673,0.37662964038085855,0.7054535378784139,0.01699095219506418,0.018130517829175755,0.01571251069958407,0.014177096938987345,0.7135276575185722,-0.003228609184670737,0.0019678825421226734,0.048725136261370885,0.060735613657721184,0.04020455686791924,0.0,6.73459735343161e-05,0.0,0.014542863707342885,,0.19345090482349908
0,0.6905055487053021,2412,2628,0.0,0.50787728026534,1.0836664762992576,1.1820867530546466,-0.004582551108870858,0.011726281324738092,0.0,0.0,12.306122448979592,13.408163265306122,4.202339185630214,5.192374556229751,0.3414836154160539,0.3872547233717775,0.5178730828837862,0.02129716016735747,0.015911419006516162,0.01661844679241179,0.013545131663652267,0.4050878109779193,0.003518923069885187,0.003756692233046077,0.04613037139369238,0.08787792391885767,-0.011997466339105645,0.0,-0.000178418756303523,0.0,0.016646267352694404,,0.11719670732003631
0,0.6834696339991956,2390,2708,0.0,0.4786610878661088,1.1579861111111112,1.2572328750602992,0.012937385725021198,0.03458022983107351,0.0,0.0,12.193877551020408,13.816326530612244,4.577891493746777,6.2229466823025,0.37542541120266454,0.4504052990145089,0.6359821736131779,0.021604952210293637,0.01257355136418994,0.01606664370020897,0.015629850518318906,0.45953795758700966,0.0037636914935260746,0.007820035197647592,0.05309490687314825,0.08124050768543031,-0.05864813396630203,0.0,0.0007968035049883438,0.0,0.019918149227998984,,0.13020587752617527
0,0.6910374029640085,2341,2555,0.0,0.5313968389577104,1.0465049104563835,1.1082093930703616,-0.0024152004438118702,-0.12362107956330334,0.0,0.0,11.943877551020408,13.035714285714286,4.010487951040643,5.6789083458002745,0.3357777182417625,0.4356422840613909,0.6310043172118368,0.023474894972342522,0.01759959247619092,0.014189909486302037,0.016663269702784703,0.5180346025458562,-5.5521580740081294e-05,-0.00871761487518336,0.044594158925884565,0.10115345401412838,0.09950222905387582,0.0,-0.0004371672601039137,0.0,0.018725553890125732,,-0.008079498387338088
0,0.6692439862542955,2176,2498,0.0,0.4967830882352941,1.1467240848969549,1.2323115727705083,0.03360955223791766,0.06810752528789235,0.0,0.0,11.10204081632653,12.744897959183673,4.152206199905131,4.98883106289937,0.3740038672708666,0.39143750533557914,0.708801299232863,0.028187712892673182,0.018978660007307885,0.013693981247739993,0.013315841320485996,0.5916159619086255,-0.0027384728025551673,-0.0011284516142657571,0.050604410168444136,0.07291225142937877,0.044810797497444474,0.0,0.0013901338931429548,0.0,0.01608995569207899,,0.07730287119638295
0,0.6759180187873612,2099,2650,0.0,0.4473558837541686,1.240829346092504,1.2990344108807146,0.019801338553716935,0.020087682062469834,0.0,0.0,10.709183673469388,13.520408163265307,3.3698691060235677,5.0793288307619875,0.3146709598764265,0.3756786606903206,0.5634521865952618,0.031237146389588157,0.015082081109128492,0.011207269642339524,0.018382974535107,0.4711522657005206,-0.0029487810704227416,-0.0062898855820471365,0.041259453838166656,0.09109966999108203,-0.16291204644890808,0.0,0.0007027703513639379,0.0,0.015813306462649234,,-0.10898801523254965
0,0.6760925449871465,2162,2835,0.0,0.4222941720629047,1.2971712775878148,1.38865182171208,0.012759888744293965,-0.10539792123452035,0.0,0.0,11.03061224489796,14.464285714285714,3.7429018815657966,5.310246505456969,0.33931950452677895,0.3671281534636917,0.6616016501971066,0.028327248680082105,0.009259210330158224,0.013616011629421196,0.014793302786524047,0.6246684440573491,-0.0007074617191174215,-0.00045387866087232904,0.05021887380791915,0.08727039524004498,-0.01515023799728604,0.0,-0.0010734608437992022,0.0,0.016047284904026144,,-0.06170131349145984
0,0.6815226225955026,2289,2742,0.0,0.45871559633027525,1.186611374407583,1.2184992101105847,0.00045053541144495223,-0.12640904733998867,0.0,0.0,11.678571428571429,13.989795918367347,4.34461057238057,6.0153562427646685,0.372015584179376,0.4299817007957239,0.7292402390398238,0.024742302503987304,0.011169284526681002,0.015838003475131646,0.017303067018552235,0.8198862215432182,0.002833092145965835,-0.004485712241536676,0.05783038343456701,0.08992121839436598,0.017497091460870928,0.0,-0.003046730203078217,0.0,0.013415384877612,,-0.1843204977831882
0,0.6926524514464213,2330,2770,0.0,0.46180257510729616,1.1810906935388263,1.2423224388519942,-0.01250027274000675,-0.10845923752221524,0.0,0.0,11.887755102040817,14.13265306122449,4.239938686206954,5.376373298818358,0.3566643701701987,0.3804220817936455,0.6523822999011694,0.023626159768788596,0.012113322808051103,0.01550370188230776,0.013733793408941639,0.5990911690765905,-0.006411922644302711,0.002284280830178372,0.05573382025797095,0.0832293264922752,0.11554210468179357,0.0,-0.0030853646089188664,0.0,0.020406448558556823,,0.07506176394173987
0,0.699464695386184,2590,2898,0.0,0.4474903474903475,1.1342227062346855,1.127131864331781,-0.009582018146608416,-0.1351992314081314,0.0,0.0,13.214285714285714,14.785714285714286,4.079341324408347,5.115587040529246,0.3087069110363073,0.34598173220970746,0.6109152826463778,0.015545267940630967,0.007414103546276558,0.014809882787510043,0.012426356598274983,0.599112954979525,-0.0043967874868983065,-0.015258918768833587,0.05979414637973202,0.07700016567314794,0.10343456188528768,0.0,-0.004390193203788012,0.0,0.01571786664177364,,0.18023496044869736
0,0.6953494482396216,2420,2873,0.0,0.4863636363636364,1.1298265249020705,1.1899693513701204,-0.02026307113826342,-0.09062932697719482,0.0,0.0,12.346938775510203,14.658163265306122,4.075195866468076,5.3913972018941765,0.3300571858792326,0.3678085108149177,0.5817096765736843,0.021009435858204785,0.0075974498723026355,0.01598117633445943,0.014644633505370484,0.4785782982830917,-0.0018783206383916518,-0.0012327001296919588,0.05443126771951786,0.08756317500426815,0.10805722643299642,0.0,-0.002322019056264922,0.0,0.018524513661462315,,0.1664369173058374
0,0.6969017798286091,2407,2879,0.0,0.44204403822185295,1.1912741982086101,1.233345803695347,-0.005599101498661924,-0.03329286636049673,0.0,0.0,12.28061224489796,14.688775510204081,3.9442046590491064,5.578353449798995,0.32117329172148934,0.37976980762785795,0.6901691412385493,0.02202159645317298,0.008137622331149244,0.014306189975695254,0.016345012586245152,0.7483293726358344,0.005041455434316224,-0.0019200315267988235,0.05016001766628868,0.1603090157067176,-0.01624999567838941,0.0,-0.0007755956951279641,0.0,0.015304874070619572,,-0.06202696512970042
0,0.6634313055365687,2331,2522,0.0,0.5036465036465037,1.1059602649006623,1.1500595110934781,-0.03883460118524178,-0.0448203247999982,0.0,0.0,11.892857142857142,12.86734693877551,4.10300077804226,5.913284054549169,0.3449970624179678,0.45955736506409084,0.7423625463984032,0.02329418790138918,0.017864173750872313,0.01504040010866561,0.017909616247856246,0.7834120643206898,-0.006070656784661989,-0.0004006725052408173,0.04957041124282934,0.10136297570465472,0.06516611412798255,0.0,-0.0022082102035074513,0.0,0.017916170729056394,,0.06577431672600015
0,0.6765498652291105,2313,2707,0.0,0.4937310851707739,1.1432697862507222,1.2409529575324019,-0.018849984802100893,-0.06914887290994697,0.0,0.0,11.801020408163266,13.811224489795919,4.244598254021564,6.339139837355776,0.3596806129650784,0.4589846354346997,0.6812876297530219,0.023810073456062345,0.012121045711687038,0.014886262598690435,0.018086841945426826,0.5228296060149098,0.0036035147483017916,0.007231400800956014,0.05988221429191235,0.10054060493679974,-0.15016089762529355,0.0,-0.0008985177315293498,0.0,0.01830372800946113,,0.07149970551522467
0,0.6760332833174192,2393,2563,0.0,0.5127455077308818,1.0841626386124539,1.1612877869655045,0.018577141863136012,-0.04843482358581091,0.0,0.0,12.209183673469388,13.076530612244898,3.988717080162271,5.346387249308724,0.32669809766477437,0.40885364840597344,0.6660853993513751,0.021912844473741217,0.017507242514961857,0.014494130984677297,0.013746633510104838,0.638863544419528,-0.004620754533137703,-0.008027522159781307,0.06424255675933475,0.09935125142859409,0.04305434198418216,0.0,-0.0013125641899764497,0.0,0.026683645076641307,,-0.04490459190106731
0,0.6778900112233446,2378,2454,0.0,0.5698065601345669,1.0011229646266142,1.0845255569057832,0.013328174675147495,0.04697164360450322,0.0,0.0,12.13265306122449,12.520408163265307,4.1698250719062875,5.104506991612433,0.3436861707710817,0.40769493494541026,0.5585925193416091,0.02251711600844177,0.02186452802492654,0.014017094366805627,0.01319253306887505,0.3458234509565371,-0.0022731558815306343,-0.0012918030315489904,0.0623933526476269,0.09560762082367706,0.008199429594994496,0.0,-0.005959714247537283,0.0,0.025903145226569342,,0.061003038454857675
0,0.6844978165938864,2458,2558,0.0,0.5231895850284785,1.041794371691279,1.0991446054198182,-0.014784662306502295,0.01063535662330186,0.0,0.0,12.540816326530612,13.051020408163266,4.004275579919195,5.120842176288307,0.31929943599030197,0.39237101898065213,0.5623551394420742,0.019453688412196208,0.018144228396208346,0.01576463730587816,0.01402287833372834,0.3866919416806066,6.0156170692186125e-05,0.0076017964271903335,0.05434724409877979,0.08748514592785885,-0.05404727828445461,0.0,-0.0003332138690232334,0.0,0.019478785017272026,,0.20571645249580353
0,0.6930397727272727,2215,2664,0.0,0.4717832957110609,1.1806071871127632,1.3107238952318745,-0.02799605189997005,-0.10173609620279218,0.0,0.0,11.301020408163266,13.591836734693878,3.9776554077962953,5.687298912207577,0.35197311960635386,0.41843490495220914,0.5306995693710128,0.027331867585173288,0.014079034284472955,0.015374643297701591,0.014254393808536414,0.2371668088949151,-0.0038237357498349203,-0.0016938690353354455,0.06470068761153863,0.09439497480130292,-0.16014544069147812,0.0,-0.0026553265786548002,0.0,0.017344379293531734,,0.13095594633087282
0,0.690566037735849,2369,2572,0.0,0.49641198818066695,1.078733294596165,1.1036510541018423,0.005372592584991771,-0.05339181580579864,0.0,0.0,12.08673469387755,13.122448979591837,4.634057595231027,5.428822049352641,0.3834002906987257,0.41370494621816395,0.6649231343866401,0.022214243790328676,0.017038932013207803,0.01774666606169572,0.014848084295244575,0.6662812932038843,-0.0002493596267932241,-0.00971992345648552,0.06526156837954984,0.10660594002745376,-0.015395778954472186,0.0,-0.0028251904811551157,0.0,0.01670845006133131,,-0.050326865966739055
0,0.7014882655981682,2333,2569,0.0,0.5430775825117874,1.0334691501746216,1.0937848756127857,-0.01422587804777682,-0.1083797697657689,0.0,0.0,11.903061224489797,13.107142857142858,4.223959840563577,4.807446147544293,0.3548633213675358,0.3667806325101913,0.6237842613574623,0.023585610585513377,0.01787274305611928,0.015245003556541905,0.013749625459584323,0.5083594040507132,0.0005895760611452027,0.00707457801848178,0.07138857495317254,0.09973109757675608,0.004491093744573079,0.0,0.002366165328943662,0.0,0.019386990929539185,,0.01235337414722401
0,0.6892928145413235,2357,2497,0.0,0.48536274925753076,1.0819041986989946,1.1044994193908246,0.004088866256454546,-0.006483254996048061,0.0,0.0,12.025510204081632,12.739795918367347,3.9799964237708396,5.036140968596192,0.33096279128514405,0.3953078213235297,0.623582615153472,0.022766777877181277,0.01933979798561109,0.014802113649050604,0.01400970091721969,0.6546747116727457,-0.0012761766346020378,0.013194303617153473,0.06404711251500284,0.1052102072656782,0.03294521003910008,0.0,-0.00010751206444863702,0.0,0.015998553987718264,,0.06834872749404337
0,0.6738169526781072,2568,2615,0.0,0.5494548286604362,1.0149331936075452,1.0440641530304953,-0.0026607411867874448,-0.00947764312410763,0.0,0.0,13.10204081632653,13.341836734693878,3.741629415843447,5.604987220084476,0.2855760769101696,0.42010611668702,0.6649136906058264,0.016565754547632993,0.015716269314183632,0.010019822186552549,0.011990065523537898,0.47125671562323174,0.00858038880066064,-0.004722051482279648,0.057538770955910486,0.11800065865296248,-0.00662789251756717,0.0,-0.0006426037952572227,0.0,0.01732386087856613,,-0.039456980788179837
0,0.6637907422623939,2261,2586,0.0,0.49491375497567447,1.128862973760933,1.1522433845429185,-0.009526849636894805,0.03010547070954519,0.0,0.0,11.535714285714286,13.193877551020408,3.6771993244580683,5.584150029696564,0.31876650490658176,0.4232379759553466,0.620019555196307,0.02544021290781945,0.016261667515823777,0.011926027189660142,0.014674220954553353,0.409019916972053,0.0017028476650300264,0.0030887573681361823,0.07430447304170212,0.11990934650029782,-0.029739133322769555,0.0,0.00019015569119614365,0.0,0.02005991106173199,,0.07311137169203079
0,0.7004137931034483,2439,2639,0.0,0.4989749897498975,1.1078801977318988,1.2230879716816363,0.011154899873922033,0.158092838653628,0.0,0.0,12.443877551020408,13.464285714285714,3.8923874771287665,5.160376650932292,0.31279538561592385,0.38326404834510397,0.6220903055205623,0.020955952917515577,0.01634485315233332,0.014704603653977475,0.015003603532155341,0.6315989951822705,-0.006385408966179905,0.0018600081385109037,0.08051083613501762,0.10005751127111294,0.054810309022773535,0.0,-0.0003559649056223015,0.0,0.02176092527220495,,-0.01537782808827865
0,0.6876068376068376,2435,2392,0.0,0.5560574948665298,1.004855755498429,1.1356907006161505,-0.004818049629062085,-0.11861674509194492,0.0,0.0,12.423469387755102,12.204081632653061,3.924840052802627,4.958203114701461,0.31592141698123816,0.40627416826149093,0.5310156955801991,0.020594525707942547,0.02285571709414133,0.015470904488303686,0.013559673793537709,0.24619122950924305,-0.009157188877885414,0.00984515843234648,0.06678420420433198,0.09836838854268973,0.01274512297650232,0.0,-0.00017165369722213172,0.0,0.01967935127882295,,0.031233262033751024
0,0.6844101313829066,2409,2644,0.0,0.47405562474055624,1.1246043165467625,1.154014487891552,-0.008874933492354648,-0.015883512887120508,0.0,0.005102040816326481,12.290816326530612,13.489795918367347,4.25134878711225,5.077340103069684,0.3458963728825243,0.3763837595316407,0.659767688747707,0.021348906168994708,0.014852217755441662,0.013455424330389184,0.012965509680621547,0.43357689172351327,-0.00046841822312123797,0.00885893578097758,0.08221867760775137,0.09770723578296074,-0.08261064189427807,0.0,0.0012414312876032115,0.0,0.01957644273276949,,-0.05987990696454982
0,0.695567326456649,2404,2586,0.0,0.49584026622296173,1.079779518421816,1.1129020987910625,-0.011640004324676998,-0.06374634066993344,0.0,0.0,12.26530612244898,13.193877551020408,4.092647617520117,5.242152940500308,0.3336767608294272,0.397317082884014,0.7242396144117663,0.021513501781939257,0.017197914584123317,0.013300893230887614,0.011537119015751456,0.6150292380929803,0.0003787206974964692,0.008972582397558207,0.06687074333085453,0.11529575866367289,-0.1581496329016733,0.0,0.001259096327732551,0.0,0.015706046406193427,,0.14532028463596172
0,0.6812971764048085,2405,2469,0.0,0.49812889812889816,1.0715734569689945,1.1047308278633792,0.012765905303817526,0.0865554951857626,0.0,0.0,12.270408163265307,12.596938775510203,4.2212334856343485,5.0511020190141425,0.3440173651494105,0.4009785320886075,0.6239797408084214,0.020992369739324362,0.020896723376279985,0.015012714205424809,0.011190546148172555,0.5303735086141141,-0.0031038324458523667,0.0071575021816081994,0.07412864516911567,0.12284891260660924,0.12386099110415061,0.0,0.004255138998628663,0.0,0.02004377881147281,,-0.0573433268558679
0,0.6868529286626011,2297,2546,0.0,0.5289508053983457,1.0616959064327485,1.1096759765260866,0.016277079731426072,0.033245456886125534,0.0,0.0,11.71938775510204,12.989795918367347,4.102260994166455,5.39134139240126,0.35004055500941456,0.41504434914008126,0.6975678324852975,0.024603760428788566,0.01782138162018712,0.013473717433790063,0.015133158127843362,0.6064888317992378,-0.0012480821014652446,0.0052183833171513564,0.08031784693783671,0.12878469116833277,0.1112216502861602,0.0,0.0031747561573873513,0.0,0.019049765909506973,,0.1377846943335644
0,0.6794360581031045,2278,2493,0.0,0.5649692712906058,1.0333043730089777,1.1272218995086811,-0.016656392098070984,0.09277140094901176,0.0,0.0,11.622448979591837,12.71938775510204,3.547524398275215,5.402547512353214,0.3052303696496673,0.42474902223073807,0.5756111474178671,0.02526015187812021,0.01951183412681646,0.011654821521832013,0.013813968837196699,0.5420109013008877,0.002638227975645648,0.015924786859753133,0.07214464860929885,0.14849852456529702,-0.1504278418628333,0.0,0.0051961072590054015,0.0,0.026795332367318174,,-0.009400894966815261
0,0.7088895200227208,2368,2624,0.0,0.502956081081081,1.078830823737821,1.170098101022446,-0.015503796605931855,-0.061674467938351754,0.0,0.0,12.081632653061224,13.387755102040817,3.5796389142861735,5.405851820846387,0.29628768040544345,0.4037907610083429,0.6187439368653901,0.023454829211011375,0.016326077621101776,0.011515986354007324,0.015111397001707003,0.4508218467397887,-0.0034294638168190536,-0.006509549337339574,0.0721591458141872,0.11310200359138141,-0.02623457533958353,0.0,0.002402621316288449,0.0,0.022521311548517588,,-0.06769368962896935
0,0.6930282349792587,2383,2796,0.0,0.46747796894670585,1.1661351116265584,1.2331219782592755,0.009408666819248108,-0.021167983545185717,0.0,0.0,12.158163265306122,14.26530612244898,4.139922542800436,5.77359332701988,0.3405055889168634,0.4047297182031103,0.6215009873175968,0.022142582454013838,0.01111780123989455,0.015477723566828576,0.014268002281927265,0.5617458991466113,0.002934159461561146,-0.0027506582644786807,0.07675076777376899,0.12070249802426956,-0.043668236085658695,0.0,6.321370772274379e-05,0.0,0.02165385278741997,,0.14044996308237798
0,0.6772322632856758,2424,2597,0.0,0.5371287128712872,1.0543840177580466,1.1222150242907085,-0.007032561921567144,-0.0955197975320024,0.0,0.0,12.36734693877551,13.25,4.053204506476809,4.721337272534726,0.32773435778442844,0.3563273413233755,0.6407393881704067,0.020834955559884055,0.015406471574929685,0.013605921030655395,0.01279332623940791,0.4736504686284654,-0.005299693990747342,0.014368977544274814,0.07178451462561332,0.11678536666327652,0.049106264141574645,0.0,0.004989354689298186,0.0,0.019127786256463372,,0.011177982930913646
0,0.696158940397351,2513,2743,0.0,0.5117389574214086,1.0813344361731458,1.1591302651210484,-0.00905818264948343,0.016143777611541597,0.0,0.0,12.821428571428571,13.994897959183673,4.55324623560502,4.8869238911343205,0.3551278401028985,0.3491932492389088,0.5938722049230116,0.01789089521551081,0.01257745592131114,0.018047053705537015,0.011982960769020015,0.563021543079686,0.007493016013218926,-0.0037726077202941376,0.06978972413830058,0.11060679693067206,0.11229441739102751,0.0,0.002067851728404212,0.0,0.01650580516173777,,0.07331371276310807
0,0.6808629868310451,2360,2500,0.0,0.5474576271186441,1.0287094940306993,1.065140841939977,0.015491026308857436,0.19089538969424885,0.0,0.0,12.040816326530612,12.755102040816327,4.158200713812101,5.548039569654975,0.345342093181005,0.43496630226095,0.6608598034252555,0.022734125965762964,0.019496858418003027,0.015291829890611897,0.015435176489988918,0.5411875516907041,0.007574161927830921,-0.0032283924262123016,0.07602313488111732,0.12843190540325575,-0.09534353406957535,0.0,0.004305390067465998,0.0,0.022020328474830226,,-0.055187418392802896
0,0.6862314865606144,2348,2656,0.0,0.5055366269165247,1.099337748344371,1.1257858516190071,-0.01971547345597129,0.12531681752805793,0.0,0.0,11.979591836734693,13.551020408163266,3.8256344319481674,5.215602723937124,0.31934597472821163,0.38488634559174556,0.6631495442522651,0.02321543500407534,0.014945183998558277,0.013941305631375954,0.012453003966065112,0.5331373090558945,0.000585203679977556,-0.021924077625236838,0.06736678629525442,0.13279251118257882,0.07029508578522296,0.0,0.0014496457792070158,0.0,0.01764517529074333,,0.00416285533580788
0,0.6898410132039882,2398,2722,0.0,0.4562135112593828,1.1610366919044846,1.234473262271139,-0.011367290989260894,0.027157775246911455,0.0,0.0,12.23469387755102,13.887755102040817,3.757525154995487,4.859846263393523,0.30712048806468534,0.3499374972906431,0.5108726330986373,0.02164886299172288,0.013417275880175782,0.01418638161037693,0.011410700475574713,0.4335378762487826,0.013069503945293782,-0.0032480666159721574,0.07952198567492684,0.12340049832364619,-0.05902541106328684,0.0,0.004605451102051844,0.0,0.033457071054112573,,-0.11457502848704991
0,0.6898778604520567,2317,2597,0.0,0.4889943892965041,1.101209796400118,1.1140156552050646,-0.005610539512094948,-0.06291759244396114,0.0,0.0,11.821428571428571,13.25,3.8781108274188854,5.3669214782635075,0.32805771349767004,0.405050677604793,0.6223150340927549,0.024995604871330283,0.016838865534580156,0.010963075541163096,0.014068197395715508,0.4564851134417402,0.00660483067833539,0.01478418392316409,0.07643118440240067,0.11433997751204332,0.02489341858392585,0.0,0.004376834782755615,0.0,0.020419964030165796,,0.061226057816745824
0,0.6654804270462633,2466,2396,0.0,0.5742092457420924,0.9831704668838219,1.0504905155978272,-0.004119483483622792,0.10626060401697156,0.0,0.0,12.581632653061224,12.224489795918368,3.6371966364298367,4.637706356721758,0.28908781051915977,0.37937831632615376,0.5215102313484317,0.019497415836898378,0.02176794664731019,0.01168797544082363,0.009373201134742819,0.38196460814721084,0.0006981183416283949,-0.019894634344711032,0.07557653010177741,0.12555559383275378,-0.1288782448424386,0.0,0.0036129288920578205,0.0,0.02004139086353429,,0.03219578553476455
0,0.6793699901560962,2378,2453,0.0,0.5424726661059714,1.018450184501845,1.060704354914077,0.010449817104191112,0.08869385894458262,0.0,0.0,12.13265306122449,12.51530612244898,3.8527719095098965,4.674510302959567,0.3175539504894616,0.37350347304528136,0.591017114890244,0.02261945685295177,0.020707593535272815,0.013724683765398408,0.01294782911490389,0.47163086859780085,0.006522199079054969,0.001171943239709629,0.07556328608722916,0.11306518855449364,0.1052306983981056,0.0,0.0048027541279988956,0.0,0.018875348685868043,,0.07604156471989554
0,0.6810100104586881,2148,2410,0.0,0.5242085661080075,1.0792171481826653,1.1525169755169113,-0.02313888736506498,0.07430794724535279,0.0,0.0,10.959183673469388,12.295918367346939,3.465340083497748,5.389846453592341,0.31620421618508315,0.4383443588813688,0.6609757083903942,0.02884704356099885,0.021842533227732344,0.009763312491985966,0.013677752433209614,0.516338858185709,-0.010863931991390805,0.01226654534830107,0.06973163818128397,0.15382158136655194,0.03760831395599069,0.0,0.005632697972458338,0.0,0.023401321512235184,,0.04377127098172411
0,0.6868357659061924,2406,2441,0.0,0.5266001662510391,1.0290563866513234,1.0400187927908537,-0.013034286885381179,-0.21220110317932817,0.0,0.0,12.275510204081632,12.454081632653061,4.074386818097305,4.505601490733722,0.33191181061806807,0.3617770963473205,0.640965350541573,0.020853618334238665,0.02043217764470337,0.01684216817553641,0.012512760322088574,0.7365142214515088,-0.0033602319269157815,0.009691273474796949,0.08227274273488834,0.13205664039092221,-0.22125556772386276,0.0,0.0029607597267767532,0.0,0.019721200906125582,,-0.08792107905215912
0,0.7100411397226878,2310,2350,0.0,0.535064935064935,1.007656967840735,1.0921594901360236,-0.008562250387989138,0.033796708615343014,0.0,0.0,11.785714285714286,11.989795918367347,3.7313639494261244,4.605448051276759,0.31660057752706505,0.3841139651277637,0.6343100511849599,0.02494190092139957,0.025257070198048244,0.014521568573866163,0.012038700683515388,0.6031388854609364,-0.007016300099270344,0.013506443153130196,0.08575249332370996,0.1212129737963513,-0.044738326840294634,0.0,0.0030108535915981676,0.0,0.02029838038768248,,-0.016647038281786875
0,0.6851633794524581,2317,2338,0.0,0.5567544238239103,0.9801749271137026,1.0080641280384168,0.050625634656046165,0.2919663740154419,0.0,0.0,11.821428571428571,11.928571428571429,3.7599440803261275,4.5342005203756,0.3180617348916362,0.38011261847460115,0.5214433415949753,0.024148328362230506,0.024515189684588476,0.013512875841982118,0.012763872793935272,0.38052449663835847,-0.006176218436444835,-0.00981661929990769,0.07767626613916165,0.14151747050576866,0.008078752086063738,0.0,0.000652994652142777,0.0,0.01959159643389286,,0.15106378463271652
0,0.7004417842382785,2541,2374,0.0,0.5985832349468713,0.9135533133351513,0.9600644845409828,0.017800503001783145,0.020581026084672986,0.0,0.0,12.964285714285714,12.112244897959183,4.537450995709103,5.010517457408913,0.3499962200546967,0.41367372436905936,0.6132616972146829,0.017129898651187275,0.023138744583814885,0.014689205684583572,0.01386999852363303,0.46062704110663066,0.010627529685915687,-0.01330895518670059,0.09146804266106955,0.14002108063945393,-0.07662122817593443,0.0,0.0008556815360695881,0.0,0.022464721933363064,,0.10734447074989698
0,0.701697769047285,2441,2560,0.0,0.5247849242113888,1.0207033465683495,1.0330464271490811,0.029511255385880678,-0.022155059136402474,0.0,0.0,12.454081632653061,13.061224489795919,3.7117876919652897,4.698753411399748,0.29803784826923263,0.3597483080602932,0.5464797768540823,0.02070481472001955,0.019232350613780043,0.013427044240807805,0.012497627886461483,0.5125269923272456,-0.005519980782844124,0.0073724407909878725,0.07195387287893175,0.14029602224292087,0.0378823424985291,0.0,0.0004923166781412301,0.0,0.022628315910621068,,0.030638686504210533
0,0.6923076923076923,2387,2662,0.0,0.5190615835777126,1.082238720731011,1.1471908735873946,0.014166952344956033,0.03757200265259506,0.005102040816326481,0.005102040816326481,12.178571428571429,13.581632653061224,4.48516071804196,5.809670928299936,0.36828299151077676,0.4277593921663364,0.7096080803678575,0.02131872972646631,0.013403358361715174,0.01402452147012055,0.015360184544175759,0.6475369097956015,0.0028902467937691615,0.01775245949316254,0.08666874565977707,0.13459019773030406,0.04934557783053173,0.0,-0.0021975140245379062,0.0,0.024709491289778923,,0.08325215577405602
0,0.6772694262890341,2246,2417,0.0,0.5431878895814782,1.0601616282550135,1.1823076385391444,0.019912782631498763,0.15853884710106328,0.0,0.0,11.459183673469388,12.331632653061224,3.706317177806199,5.0390495021260735,0.3234364055431946,0.4086279281823378,0.5475612054908303,0.02644193533687432,0.022296297747589965,0.013174136326340284,0.013724378986626913,0.1868412455968247,-0.007409888967432883,0.002540298614925165,0.08552896988340934,0.13623019198268344,-0.03178860516551561,0.0,-0.0034819682339535213,0.0,0.05670971422232909,,0.19718073377582845
0,0.6866898954703833,2355,2572,0.0,0.5180467091295117,1.0611893134156851,1.077576631104155,-0.013061889825099964,0.05571333189846673,0.0,0.0,12.01530612244898,13.122448979591837,3.770978300349382,4.99695354600914,0.3138478755280165,0.3807942826663263,0.6595881403783943,0.02292706183014185,0.01756118148903566,0.012598980249063224,0.013567828507993051,0.5153164634792042,-0.015626631436821588,-0.008378828406969605,0.08914606086961842,0.13200475979025486,-0.04100897716432349,0.0,0.0026389573298570166,0.0,0.023793859708579616,,-0.1542407946809256
0,0.7104583163334693,2521,2703,0.0,0.522015073383578,1.0396781354051055,1.0894604570183375,0.009511283290581818,0.028735993855549292,0.0,0.0,12.862244897959183,13.790816326530612,3.9362096907381616,5.439845147394318,0.30602820284993243,0.39445418012922173,0.6098444437065258,0.018441897623253503,0.014330787916398663,0.01557737028074911,0.014413932699631078,0.700389574851782,-0.0036386376634982252,0.0006154852768878855,0.0767377993882284,0.1544795434519709,0.09100250142716784,0.0,-0.0011453163495908924,0.0,0.01797895789303874,,0.07045622202566425
0,0.6849199663016007,2412,2466,0.0,0.5451907131011609,1.015850551938862,1.1016739436838685,0.032334234554943,0.00572131531106959,0.0,0.0,12.306122448979592,12.581632653061224,4.307198895267189,5.415880673964357,0.3500045536784283,0.4304592911991135,0.5940228076660414,0.020975793739719917,0.020238035004431675,0.016121447063465365,0.017022323281227946,0.4680680843195439,0.005732621337958039,0.0005869674677680855,0.08964395425343565,0.17335831975898375,0.030696749993472876,0.0,-0.0022169837085881314,0.0,0.027002810806566434,,0.13900198108118028
0,0.7173603192702395,2416,2617,0.0,0.47019867549668876,1.09745889387145,1.1465994020926755,-0.030098638974564686,-0.11699638636179596,0.0,0.0,12.326530612244898,13.35204081632653,4.499060893927,5.4418648687382465,0.3649900394079851,0.4075680222669837,0.6487879678226262,0.02140534230877635,0.016410523543629783,0.018552641384129837,0.016852024448276454,0.7431725618972626,0.0035420631866480722,0.00634880315845287,0.08821867619913744,0.14454100709617965,-0.09590348797239884,0.0,0.0005299362088040823,0.0,0.024060700390035293,,-0.027927289035956343
0,0.6969106596159198,2338,2670,0.0,0.49016253207869975,1.1067135737320435,1.1428610730678992,0.012934023812862043,0.03826956012049054,0.0,0.0,11.928571428571429,13.622448979591837,4.442798840647812,5.709219365781485,0.3724502022099962,0.4191037437053075,0.6638919014043511,0.023008852647594908,0.012883082426753413,0.016154509118162214,0.016076210232064694,0.5875239154087268,0.00275192370464718,-0.010935637227010879,0.0953455884441135,0.14321979296811654,-0.04701171180977405,0.0,0.0007893315360660717,0.0,0.015098888239907612,,0.09703252936102588
0,0.6912023857936831,2453,2646,0.0,0.500203832042397,1.0821569734613212,1.1129885119239638,0.010636900919453438,-0.05140647759601516,0.0,0.005102040816326481,12.51530612244898,13.5,4.340007137907786,5.8594652770823155,0.3467759474235328,0.4340344649690604,0.6700110256441127,0.019522603113247224,0.014799381513985743,0.015244616141368798,0.013047395605592083,0.5813913637881006,-0.0017463282377514098,0.004106624588520507,0.09551151438138546,0.1496482668100811,-0.03338582996193178,0.0,0.002720844337556422,0.0,0.021155069027435528,,-0.11744520312145176
0,0.6957186544342507,2454,2551,0.0,0.5077424612876935,1.074992789154889,1.2211488386669729,-0.0019471988528696259,-0.07549221815431026,0.0,0.0,12.520408163265307,13.01530612244898,4.310344365650745,5.0347276460510795,0.3442654831571092,0.3868312891517097,0.5010755076194564,0.02034826066060655,0.018682814378028045,0.016960828890086627,0.012037192824744622,0.377993705952807,-0.010148624873083057,-0.01271744651944766,0.08723457711060634,0.1252791825778475,-0.023356759551359695,0.0,0.0008784230874102016,0.0,0.027546164104888568,,0.05590206339492315
0,0.6773748793602647,2385,2528,0.0,0.48930817610062893,1.1056910569105691,1.1465374543376567,-0.002946956447003937,-0.08627855648596941,0.0,0.0,12.168367346938776,12.89795918367347,4.167913994357874,5.042363702783249,0.3425203953434563,0.3909427554373089,0.5903564152951717,0.021937495298115214,0.018404736211673167,0.014675339307520494,0.012117082202787479,0.5794562891274956,0.003195599232345385,-0.0033531541013862645,0.09875429453954924,0.1479823035560507,-0.1380017382035461,0.0,-0.001441877768309922,0.0,0.029137858501462614,,-0.039682723955586086
0,0.6928702010968921,2324,2603,0.0,0.4806368330464716,1.130134932533733,1.188218788026503,-0.009064519089023516,0.12427961647171804,0.0,0.0,11.857142857142858,13.28061224489796,4.181767507547435,5.2210453450462175,0.3526791873835186,0.39313288037996874,0.583645935498818,0.02387194807529367,0.016485077173028752,0.01458351946954232,0.014574606793366864,0.4106397113718305,-0.006213107786461485,-0.0035645034087465207,0.09519882678570112,0.1325238088132624,-0.06700775021659035,0.0,0.0007772785200975124,0.0,0.023904251007462952,,0.18597192212605626
0,0.6889704882360941,2421,2645,0.0,0.506815365551425,1.0872406933788008,1.176298211237268,-0.007176504438957216,0.07438747911182299,0.0,0.0,12.35204081632653,13.494897959183673,4.2731776344731305,5.540987090605086,0.34594911869340506,0.41059866531515954,0.5784650616367084,0.021381311334924193,0.014580870108761038,0.017454199177586734,0.018158727728943495,0.6099623772239711,-0.0024274081778776885,-0.026590651496040948,0.10114670156625623,0.15332167922509893,-0.04099956978039173,0.0,-0.001707994537004883,0.0,0.02495096714779059,,0.009673603299766954
0,0.6836802333289143,2510,2647,0.0,0.5282868525896415,1.0419599350297781,1.075682699721198,-0.02365274931337551,-0.19732180662336118,0.0,0.0,12.806122448979592,13.505102040816327,4.609150682685324,5.700649939535318,0.3599177425523201,0.4221108379859926,0.76687321271995,0.018016067469292026,0.013921975258894471,0.015229712243452712,0.01743035962385158,0.6873920232983162,-0.0006612299446475491,0.0014576813008813677,0.09667238438296115,0.1541956835813456,0.0049740534124883716,0.0,0.001922732542058434,0.0,0.024693361043650934,,-0.017609804372356107
0,0.6945214521452145,2599,2662,0.0,0.5363601385148133,1.0140919968093591,1.0521949798322086,-0.0016224008942152305,-0.09808702025559216,0.0,0.0,13.260204081632653,13.581632653061224,4.137216698387837,5.617597751731752,0.3120024905286711,0.4136172649659743,0.6267239798714945,0.015182673888012527,0.014063680098952048,0.014894887895448815,0.016642157149263547,0.5532570184339582,0.0032682281898432897,-0.01441378058205602,0.08847197231802154,0.14837451328128756,-0.04072604738139122,0.0,0.001645276457912011,0.0,0.01756115591247069,,0.1787052028244666
0,0.6684175968483257,2396,2694,0.0,0.5125208681135225,1.111851235081876,1.159334800739035,-0.002109455251763957,0.08083095737838406,0.0,0.0,12.224489795918368,13.744897959183673,3.77992161700009,5.742886301021234,0.3092089469666184,0.4178194933185456,0.6634133380179281,0.021164880505594206,0.011818993237305883,0.012623267147583838,0.013675368601704077,0.6716663740408224,0.006480940280903215,-0.015585354794151542,0.08639866495044904,0.14099485490697203,0.0027208677967200156,0.0,-0.001115345907545956,0.0,0.021976579835777325,,-0.11807773014546825
0,0.6812215006218046,2249,2681,0.0,0.47710093374833257,1.1597014925373135,1.2115735149276015,0.0061944394554434585,0.03653561687316402,0.0,0.0,11.474489795918368,13.678571428571429,3.8529858211985264,5.471956477559712,0.33578711469760386,0.40003859365971783,0.6856522610306789,0.026172611103885933,0.013539146923310333,0.01232747353557943,0.013188976520600972,0.6315486549951593,-0.0010904312996781334,-0.013006614292549812,0.09165851104160881,0.15081772107525301,0.042513332014851114,0.0,0.0009914607843479269,0.0,0.021170581761567362,,0.06529889994596462
0,0.6960608154803041,2333,2703,0.0,0.4749249892841835,1.146247404331059,1.2216320562803527,-0.004943049200809635,-0.06619973953507832,0.0,0.0,11.903061224489797,13.790816326530612,4.385967228510226,5.399156377305983,0.3684738863214763,0.39150375506917234,0.6124313624949679,0.0238231731488157,0.013935497306508284,0.015648410389079177,0.013458925979753752,0.4294436899807308,-0.005738408884155011,-0.001878693725705994,0.09053930235993572,0.1615818983980721,0.04994989457811166,0.0,-0.004017171209624671,0.0,0.02513344336540954,,0.0024676489154251964
0,0.6741039297538506,2155,2528,0.0,0.49837587006960554,1.1395993836671803,1.210160751910841,-0.015085549428841737,-0.17951209350093714,0.0,0.0,10.994897959183673,12.89795918367347,3.7967563065164898,5.562677451470174,0.34531983112632575,0.431283536585504,0.6249713557357738,0.029388940584004042,0.018800534788155014,0.012423426331776509,0.012526064225358575,0.4918414940118714,-0.020694067035541937,0.0034696103072421915,0.09898808323826803,0.17247671133832698,0.01665586106852306,0.0,-0.0018609334579534622,0.0,0.021438592731512066,,-0.07138085962654353
0,0.703293457391818,2056,2706,0.0,0.41974708171206226,1.2836424957841484,1.3665508303122573,0.025007442656408738,-0.10110772844263723,0.0,0.005102040816326481,10.489795918367347,13.806122448979592,3.9477222201375652,5.664388374460586,0.37633927779521537,0.41028090221517916,0.6670395854226819,0.03212405741632668,0.012531721202278006,0.014394477209156998,0.016004283361898734,0.6945470203854697,0.014889753404296917,-0.012095830545162193,0.10986108584399217,0.2138951158618857,0.026661956050031046,0.0,-0.0015777689805341706,0.0,0.022970478553795685,,0.06303470305844998
0,0.6995601173020528,2248,2523,0.0,0.4697508896797153,1.1349405134627426,1.1628063384583645,0.012053572610127029,0.015330594741828477,0.0,0.0,11.46938775510204,12.872448979591837,4.449613251145808,5.018842048740335,0.3879556037475883,0.38989022653710087,0.6534825641301107,0.02651337838300318,0.018500791004422305,0.01794458288485911,0.016030398031201813,0.7165965571172851,0.008498952499417166,0.009698333773962911,0.09357186988865605,0.18944308424420717,-0.15468394015774586,0.0,-0.0010139424599522526,0.0,0.022015592509889888,,0.02488239409112728
0,0.6931834558293702,2310,2500,0.0,0.48008658008658006,1.1107392759355035,1.1630221861106136,0.040905019365494594,0.1369362934192774,0.0,0.0,11.785714285714286,12.755102040816327,3.882240960037755,5.521169003845241,0.3294022632759307,0.43285964990146686,0.682511757182896,0.02466753930328468,0.019294001804075454,0.014339971737258879,0.012747451997651291,0.7406682542972599,0.005232276076766004,-0.01587249257522951,0.09723558269174397,0.16875081838468922,-0.10696734324857274,0.0,-0.0036952214910153285,0.0,0.022495701910682953,,-0.060389269274675805
0,0.6829300895602192,2449,2660,0.0,0.4985708452429563,1.105263157894737,1.165155286865813,0.005343425436478822,-0.07331928729341393,0.0,0.005102040816326481,12.494897959183673,13.571428571428571,3.899372005953821,5.591201879876854,0.31207713890034666,0.4119832964119787,0.56229894707381,0.020110122027627422,0.014860898915511537,0.013282827988196156,0.014863334086389702,0.4760397207691442,-0.007462401691151673,-0.006471966924515103,0.09805136740306404,0.18349972668469244,0.01394102352712302,0.0,-0.001978450508806477,0.0,0.02595100543700422,,-0.08797383241046096
0,0.6943539630836048,2406,2710,0.0,0.4842061512884456,1.1230547550432277,1.1975945862198158,-0.02372606642973871,-0.010260000381513482,0.0,0.0,12.275510204081632,13.826530612244898,3.8237600296040943,5.058682326058947,0.31149499825536264,0.36586779922787954,0.5634707232908953,0.021954220400306076,0.01343407839639244,0.013138578200328387,0.011611448026153806,0.552872682405587,-0.004357535010935888,0.0028402076518023907,0.09948966805419729,0.15933154134110672,-0.0076443349316468725,0.0,-0.0014641031080764595,0.0,0.020088527168390793,,0.024124127253929477
0,0.7018779342723005,2518,2565,0.0,0.522239872915012,1.0234702430846605,1.0844126605871685,-0.018115697388231825,0.04628287730632098,0.0,0.0,12.846938775510203,13.08673469387755,4.410598054258894,5.083671956878132,0.3433189907207082,0.38845992341057073,0.6682076571573822,0.018839694365071456,0.0180653195058754,0.016812104515335446,0.01471782353677061,0.5764095908812682,0.003619403087442672,-0.0001104671104276768,0.09989401762485288,0.15344656756764372,0.05847515932611621,0.0,-0.0031761251118150643,0.0,0.021929325548480948,,-0.06161513167742846
0,0.6850897953501323,2403,2518,0.0,0.5368289637952559,1.0578796561604584,1.1614526538995666,0.004233052933660977,0.05820174491032639,0.0,0.0,12.260204081632653,12.846938775510203,4.236429067054987,5.150757058254196,0.34554311158667395,0.4009326383708588,0.5978309451369573,0.021432603198780164,0.01868751690270917,0.016382621411918746,0.016031941418357096,0.5974090400931301,-0.004610794658559681,-0.011216543411766942,0.12077607047903746,0.17873290199251013,-0.044656917889600994,0.0,-0.0021974147939883377,0.0,0.024147357217107954,,-0.007651468424858329
0,0.6640011223344556,2254,2479,0.0,0.5173025732031943,1.0884852036331674,1.1123322006162903,0.00924109065034745,-0.18011454783068573,0.0,0.0,11.5,12.64795918367347,4.021098204375363,4.90562690192493,0.3496607134239446,0.38785916610620663,0.6227623794631996,0.0258084362025581,0.01915131182530717,0.01360853665666137,0.01182456746526368,0.3685210544724733,0.010192512537030228,0.016091599324771767,0.09886196698494501,0.18202826560650578,0.11645335399290777,0.0,-0.0009748133996715042,0.0,0.05793604358557476,,0.1686457859362499
0,0.6678148250206668,2385,2462,0.0,0.5333333333333333,1.0410573678290214,1.0829832979738292,0.03076877698526872,0.074512148876059,0.0,0.0,12.168367346938776,12.561224489795919,3.908861646573912,5.320625231296599,0.32123139737043466,0.4235753636613052,0.6631635889594096,0.021921692854462337,0.01982465346553667,0.013894475788367831,0.01552167552406415,0.7118396806859073,-0.001722705884177751,0.007329257369207455,0.0950062663974752,0.16094621103743217,0.013610639762606049,0.0,-0.00031256571908217835,0.0,0.026381949692473507,,-0.009579739237196738
0,0.6816004508312201,2201,2637,0.0,0.49886415265788275,1.1575425790754257,1.2590182367018343,-0.002735127787623222,0.05672147652087854,0.0,0.0,11.229591836734693,13.454081632653061,3.968251159950166,5.267504023677228,0.3533744785780248,0.39151717430441285,0.6191217831274176,0.027639629629408923,0.014296349346480388,0.015998263572302437,0.014969297131368851,0.5499912018787226,0.007930064269303606,0.01190246593071244,0.09457503170506455,0.13899206052783486,-0.03672221928453171,0.0,-0.00018783726602461442,0.0,0.022591424839289484,,-0.1189133534449482
0,0.6855380397532557,2290,2711,0.0,0.4558951965065502,1.193325315694528,1.2633659615062913,-0.00493747022261399,0.0436694201397064,0.0,0.0,11.683673469387756,13.831632653061224,4.007933002089885,5.567968776415097,0.34303706044088095,0.4025532571661229,0.5778436679295403,0.024324476383572376,0.012066977431577336,0.01332228807282452,0.01268018097951955,0.4091744193130988,0.007598417055800095,0.00044484700484655903,0.13555793105904188,0.16222053870145164,-0.011376230988222047,0.0,-0.0007406266151797512,0.0,0.02215135987015701,,-0.09019297798974861
0,0.6816385669125395,2502,2673,0.0,0.5295763389288569,1.0516216216216216,1.0816816086159153,-0.004598340876936737,-0.004360504732692371,0.0,0.0,12.76530612244898,13.637755102040817,3.977632385350356,4.8986029469661165,0.3115971013304036,0.3591942303050351,0.5977919069210386,0.018301506609356654,0.01396193428681035,0.013034866659957352,0.011481933586608428,0.44600958418443304,-0.00048124580022128696,-0.0016040704267340244,0.09312107217321235,0.14584899038307428,-0.03170526629875728,0.0,-0.002626586971521135,0.0,0.02220291655285081,,0.0399479345629537
0,0.6791654919650408,2433,2385,0.0,0.562268803945746,1.0065063649222066,1.1405914979079765,-0.0205613409460737,-0.047099954250551114,0.0,0.0,12.41326530612245,12.168367346938776,4.539019158818731,4.890306412481118,0.36565875673180076,0.40188681628775647,0.5832019632239797,0.020171959068274882,0.023277902682028048,0.015907347179539406,0.009448392916175434,0.449559161550841,-0.00018222416515528114,0.006826264223183521,0.11844458791909489,0.14221187528060442,-0.12492206073976628,0.0,-0.0011631389846178371,0.0,0.030972585526957353,,0.02855388655095479
0,0.7031082529474812,2433,2815,0.0,0.4870530209617756,1.1201704545454545,1.1651514344209355,-0.01630235674477345,0.08194170996779941,0.0,0.0,12.41326530612245,14.362244897959183,4.006101442834086,5.610101060493313,0.3227274487445462,0.3906144965743124,0.6198801881998035,0.02090247459860858,0.010466615048910118,0.016032267943894743,0.014053588742736557,0.671354922389589,0.006519089569295395,-0.010432226245683867,0.10149909343382943,0.1676941197741351,-0.10152641323415328,0.0,-0.0032936606886930547,0.0,0.020242068436137937,,0.01678909445184133
0,0.7029415826543295,2472,2618,0.0,0.5242718446601942,1.0391770011273957,1.094320382532645,-0.00405521496605752,-0.15972096774897487,0.0,0.0,12.612244897959183,13.357142857142858,4.250207000838175,5.549312731759834,0.336990522720179,0.41545656815314264,0.6020900736107971,0.01948006142768892,0.01685739604024573,0.016335431689391125,0.012116151471490562,0.49489984741472176,0.011338061290203755,0.019609066779843073,0.11242596701150512,0.18320471413535705,0.07649137735490161,0.0,0.0006067990318009135,0.0,0.026768616632956953,,0.14364493185447055
0,0.6880422993492408,2423,2652,0.0,0.4964919521254643,1.101139601139601,1.1413780112839675,-0.001579608602904759,-0.014758499628629802,0.0,0.0,12.362244897959183,13.53061224489796,4.192349939057127,5.3160696521312465,0.3391252942860904,0.39289202557229425,0.631700479828707,0.02125036301440324,0.015499141366839206,0.014637348025597437,0.01639841853583392,0.6978434949528332,0.0018119612951173157,-0.0036634762225932313,0.0948961561124874,0.15369428146935202,-0.038341879722387104,0.0,-0.0015360785636250845,0.0,0.02198319785661532,,0.17679861670183575
0,0.6875661375661376,2539,2659,0.0,0.48916896415911776,1.0852649006622517,1.0965092866948285,0.02417060481912049,0.1433913897152532,0.0,0.0,12.954081632653061,13.566326530612244,4.071531391285718,5.0930509495667,0.3143049045655773,0.3754185731910768,0.5584343987336434,0.017453958439168218,0.014358369354401837,0.01518601830466686,0.01526842934178863,0.5407169958953314,-0.006391708415208691,0.001914148327942481,0.10425526794226699,0.1797077367111427,-0.17934952687231911,0.0,-0.003392414383785495,0.0,0.026732322995012003,,0.12078388145527993
0,0.6947257661449427,2618,2664,0.0,0.487012987012987,1.0568181818181819,1.092305326608439,0.027521003920279397,-0.0028126932910795535,0.0,0.0,13.357142857142858,13.591836734693878,4.621577042414673,5.643851630268977,0.34600042028772954,0.41523833315792774,0.7141900017279964,0.014951413619345875,0.014580505233298662,0.015981786496300183,0.016163564141592843,0.7219397846668109,0.00837246002007249,-0.008420850393860677,0.11209933562359899,0.16905800185222658,0.13850740070591444,0.0,0.0017538823139009625,0.0,0.020191826346502417,,0.1432210305194652
0,0.6873667377398721,2547,2611,0.0,0.525323910482921,1.042188350571584,1.1142011450208016,0.013438481246447375,0.001653152668041838,0.0,0.0,12.994897959183673,13.321428571428571,4.119369442635474,5.446593854454783,0.3169989834144299,0.4088595922915119,0.6533121258793376,0.016399697741949635,0.015056263925894244,0.014886889520612488,0.01472666873261641,0.6552941756394195,0.00889052759673814,-0.007998922057086223,0.11296569434603698,0.20211913986575772,0.01797678551577653,0.0,-0.003162528743478241,0.0,0.026109825532635845,,0.08557115876020299
0,0.6753987809622617,2589,2619,0.0,0.5376593279258401,1.0284135753749013,1.0739292983840818,0.010846994021894034,-0.11246326018716385,0.0,0.005102040816326481,13.209183673469388,13.362244897959183,4.7037483522147365,5.653807708195946,0.35609682388338676,0.42311810263703914,0.6618297385347645,0.014881817612989717,0.014192641559395905,0.01493721451338506,0.011779137406871806,0.5458778082208181,0.0001451188101839094,-0.005125482306080547,0.10748516291742652,0.1873185635327797,0.011225010543504912,0.0,-0.009590884631872605,0.0,0.035628339080947855,,0.13879417879607334
0,0.6780700558811503,2384,2591,0.0,0.5180369127516778,1.0767053495612793,1.1546468998496302,-0.0021363272240718894,-0.01952132726701127,0.0,0.0,12.16326530612245,13.21938775510204,4.263605979656718,5.239674254178458,0.3505313640992939,0.3963628536545649,0.6331040417743559,0.022200037788626923,0.016545030977178472,0.016059803385653416,0.013284374298418939,0.5173079614038999,0.0015388425214817793,0.011646018356938131,0.12107986523936067,0.1712788219779472,-0.019247133887143084,0.0,-0.004785425759811625,0.0,0.025202797552256778,,-0.056598141012458254
